{
  "results": [
    {
      "command": "sudo ./target/release/b0nker run true",
      "mean": 0.03696413268999999,
      "stddev": 0.006127194251732403,
      "median": 0.036267097580000004,
      "user": 0.007134180000000002,
      "system": 0.008807100000000002,
      "min": 0.027217842080000002,
      "max": 0.05759475708,
      "times": [
        0.04101124508,
        0.042162200080000004,
        0.03667539008,
        0.04560323308,
        0.03711832108,
        0.03972692508,
        0.03597990208,
        0.03931836808,
        0.046851499080000004,
        0.04011909108,
        0.045522054080000006,
        0.04141876408,
        0.05018008208,
        0.036489321080000005,
        0.046327822080000004,
        0.056279734080000005,
        0.05759475708,
        0.04221577108,
        0.03453354208,
        0.036489518080000005,
        0.03536212408,
        0.037472949080000005,
        0.04208226008,
        0.03589807608,
        0.03738241208,
        0.04458939608,
        0.02941410908,
        0.03456457308,
        0.03035402308,
        0.028898027080000003,
        0.03385906808,
        0.030623384080000003,
        0.03627788408,
        0.03257034108,
        0.033029367080000004,
        0.033844780080000005,
        0.03540600208,
        0.03124996008,
        0.03580094608,
        0.03277610708,
        0.03778499908,
        0.04288080208,
        0.03629481708,
        0.04208072108,
        0.03974097008,
        0.032755636080000004,
        0.030749257080000002,
        0.02879391808,
        0.02975075108,
        0.03512852608,
        0.03155331108,
        0.027217842080000002,
        0.03361921108,
        0.03334567808,
        0.02994016008,
        0.02816694008,
        0.03958111208,
        0.03845253608,
        0.03194921608,
        0.03182105708,
        0.031405168080000004,
        0.030268762080000004,
        0.03625631108,
        0.031414104080000005,
        0.03476586708,
        0.03214840308,
        0.02995439708,
        0.03183873008,
        0.03119459308,
        0.034072039080000005,
        0.029332277080000003,
        0.03247188008,
        0.04240635408,
        0.03338819608,
        0.03274293708,
        0.03637645608,
        0.03191187308,
        0.049783388080000004,
        0.03839997608,
        0.038108102080000004,
        0.03872774708,
        0.03707357008,
        0.042271735080000004,
        0.04206734308,
        0.04291585408,
        0.031743518080000005,
        0.03650891708,
        0.03699580008,
        0.03563309908,
        0.03243195008,
        0.028779394080000003,
        0.038206827080000005,
        0.04696122308,
        0.04319272308,
        0.03876656908,
        0.03904427508,
        0.03596355108,
        0.04403960308,
        0.03783102008,
        0.054337943080000006
      ],
      "memory_usage_byte": [
        11796480,
        11796480,
        11796480,
        11796480,
        11796480,
        11796480,
        11796480,
        11796480,
        11796480,
        11796480,
        11796480,
        11796480,
        11796480,
        11796480,
        11796480,
        11796480,
        11796480,
        11796480,
        11796480,
        11796480,
        11796480,
        11796480,
        11796480,
        11796480,
        11796480,
        11796480,
        11796480,
        11796480,
        11796480,
        11796480,
        11796480,
        11796480,
        11796480,
        11796480,
        11796480,
        11796480,
        11796480,
        11796480,
        11796480,
        11796480,
        11796480,
        11796480,
        11796480,
        11878400,
        11878400,
        11878400,
        11878400,
        11878400,
        11878400,
        11878400,
        11878400,
        11878400,
        11878400,
        11878400,
        11878400,
        11878400,
        11878400,
        11878400,
        11878400,
        11878400,
        11878400,
        11878400,
        11878400,
        11878400,
        11878400,
        11878400,
        11878400,
        11878400,
        11878400,
        11878400,
        11878400,
        11878400,
        11878400,
        11878400,
        11878400,
        11878400,
        11878400,
        11878400,
        11878400,
        11878400,
        11878400,
        11878400,
        11878400,
        11878400,
        11878400,
        11878400,
        11878400,
        11878400,
        11878400,
        11878400,
        11878400,
        11878400,
        11878400,
        11878400,
        11878400,
        11878400,
        11878400,
        11878400,
        11878400,
        11878400
      ],
      "exit_codes": [
        0,
        0,
        0,
        0,
        0,
        0,
        0,
        0,
        0,
        0,
        0,
        0,
        0,
        0,
        0,
        0,
        0,
        0,
        0,
        0,
        0,
        0,
        0,
        0,
        0,
        0,
        0,
        0,
        0,
        0,
        0,
        0,
        0,
        0,
        0,
        0,
        0,
        0,
        0,
        0,
        0,
        0,
        0,
        0,
        0,
        0,
        0,
        0,
        0,
        0,
        0,
        0,
        0,
        0,
        0,
        0,
        0,
        0,
        0,
        0,
        0,
        0,
        0,
        0,
        0,
        0,
        0,
        0,
        0,
        0,
        0,
        0,
        0,
        0,
        0,
        0,
        0,
        0,
        0,
        0,
        0,
        0,
        0,
        0,
        0,
        0,
        0,
        0,
        0,
        0,
        0,
        0,
        0,
        0,
        0,
        0,
        0,
        0,
        0,
        0
      ]
    }
  ]
}
